,epoch,recall@20,ndcg@20,recall@40,ndcg@40,un_pop_epoch,un_pop_recall@20,un_pop_ndcg@20,un_pop_recall@40,un_pop_ndcg@40,un_act_epoch,un_act_recall@20,un_act_ndcg@20,un_act_recall@40,un_act_ndcg@40
0,0,0.04464753986223073,0.037856558080262705,0.0742709693996741,0.048805219595940696,0,0.026746346916069887,0.017963313830424363,0.045760688458487436,0.02522960615944532,0,0.04145288944630606,0.027632109414802555,0.06765109056734246,0.0365294570470717
1,Final,0.04464753986223073,0.037856558080262705,0.0742709693996741,0.048805219595940696,Final,0.026746346916069887,0.017963313830424363,0.045760688458487436,0.02522960615944532,Final,0.04145288944630606,0.027632109414802555,0.06765109056734246,0.0365294570470717
